{"Precision": 0.9758064516129032, "Recall": 0.9758064516129032, "F1-Score": 0.9603174603174603, "Hamming-Loss": 0.03164556962025317}
